Trade #,Type,Date and time,Signal,Price JPY,Position size (qty),Position size (value),Net P&L USD,Net P&L %,Favorable excursion USD,Favorable excursion %,Adverse excursion USD,Adverse excursion %,Cumulative P&L USD,Cumulative P&L %
1,Exit short,2025-10-02 11:00:00,[ExitS 5A:30 bA:30 R:41 V:3.9 B:0.39 M:- ST:D CH:25 CF:+ MI:61 SK:29 PS:D SQ:0],197.85,1000,198050,1.22,0.09,2.12,0.16,-0.07,0.00,1.22,0.12
1,Entry short,2025-10-02 06:00:00,[R002S 5A:33 bA:33 R:49 V:0.77 B:0.65 M:+ ST:U CH:22 CF:+ MI:66 SK:78 PS:U SQ:0],198.05,1000,198050,1.22,0.09,2.12,0.16,-0.07,0.00,1.22,0.12
2,Exit long,2025-10-05 23:00:00,[ExitL 5A:97 bA:97 R:87 V:1.6 B:0.8 M:- ST:U CH:5 CF:+ MI:87 SK:85 PS:U SQ:0],202,1000,198650,22.57,1.68,23.32,1.73,-0.07,0.00,23.8,2.38
2,Entry long,2025-10-03 09:00:00,[R001L 5A:26 bA:26 R:72 V:0.99 B:1 M:+ ST:U CH:12 CF:+ MI:72 SK:100 PS:U SQ:0],198.65,1000,198650,22.57,1.68,23.32,1.73,-0.07,0.00,23.8,2.38
3,Exit long,2025-10-06 14:00:00,[ExitL 5A:58 bA:58 R:78 V:0.27 B:0.8 M:+ ST:U CH:5 CF:+ MI:98 SK:85 PS:U SQ:0],202.65,1000,201400,8.34,0.61,9.08,0.67,-0.07,0.00,32.13,3.21
3,Entry long,2025-10-06 06:00:00,[R002L 5A:37 bA:37 R:36 V:0.61 B:0.18 M:- ST:D CH:16 CF:+ MI:38 SK:18 PS:D SQ:0],201.4,1000,201400,8.34,0.61,9.08,0.67,-0.07,0.00,32.13,3.21
4,Exit short,2025-10-06 16:00:00,[ExitS 5A:58 bA:58 R:77 V:1.83 B:0.8 M:+ ST:U CH:14 CF:+ MI:96 SK:91 PS:U SQ:0],202.7,1000,202650,-0.47,-0.03,0.27,0.02,-0.4,-0.03,31.66,3.17
4,Entry short,2025-10-06 14:00:00,[R002S 5A:58 bA:58 R:78 V:0.27 B:0.8 M:+ ST:U CH:5 CF:+ MI:98 SK:85 PS:U SQ:0],202.65,1000,202650,-0.47,-0.03,0.27,0.02,-0.4,-0.03,31.66,3.17
5,Exit long,2025-10-07 15:00:00,[ExitL 5A:69 bA:69 R:82 V:0.55 B:0.8 M:+ ST:U CH:5 CF:+ MI:96 SK:85 PS:U SQ:0],203.9,1000,202900,6.45,0.48,7.25,0.54,-0.07,0.00,38.11,3.81
5,Entry long,2025-10-07 07:00:00,[R001L 5A:26 bA:26 R:72 V:0.43 B:0.98 M:+ ST:U CH:5 CF:+ MI:89 SK:100 PS:U SQ:0],202.9,1000,202900,6.45,0.48,7.25,0.54,-0.07,0.00,38.11,3.81
6,Exit short,2025-10-07 16:00:00,[ExitS 5A:69 bA:69 R:79 V:0.98 B:0.8 M:- ST:U CH:14 CF:+ MI:91 SK:91 PS:U SQ:0],203.95,1000,203900,-0.46,-0.03,0.26,0.02,-0.4,-0.03,37.65,3.76
6,Entry short,2025-10-07 15:00:00,[R002S 5A:69 bA:69 R:82 V:0.55 B:0.8 M:+ ST:U CH:5 CF:+ MI:96 SK:85 PS:U SQ:0],203.9,1000,203900,-0.46,-0.03,0.26,0.02,-0.4,-0.03,37.65,3.76
7,Exit short,2025-10-08 13:00:00,[ExitS 5A:39 bA:39 R:50 V:3.8 B:0.22 M:- ST:D CH:22 CF:+ MI:44 SK:22 PS:D SQ:0],204.6,1000,204550,-0.46,-0.03,0.37,0.03,-0.4,-0.03,37.18,3.72
7,Entry short,2025-10-08 12:00:00,[R001S 5A:41 bA:41 R:44 V:0.62 B:0.03 M:- ST:D CH:20 CF:- MI:26 SK:0 PS:D SQ:0],204.55,1000,204550,-0.46,-0.03,0.37,0.03,-0.4,-0.03,37.18,3.72
8,Exit short,2025-10-09 13:00:00,[ExitS 5A:50 bA:50 R:25 V:2.38 B:0.2 M:- ST:D CH:5 CF:- MI:22 SK:16 PS:D SQ:0],203.55,1000,204100,3.47,0.26,4.2,0.31,-0.07,0.00,40.65,4.06
8,Entry short,2025-10-09 07:00:00,[R001S 5A:26 bA:26 R:33 V:1.02 B:0.09 M:- ST:D CH:37 CF:- MI:23 SK:0 PS:D SQ:0],204.1,1000,204100,3.47,0.26,4.2,0.31,-0.07,0.00,40.65,4.06
9,Exit short,2025-10-12 14:00:00,[ExitS 5A:54 bA:54 R:25 V:0.04 B:0.19 M:- ST:D CH:5 CF:- MI:0 SK:15 PS:D SQ:0],202.1,1000,202500,2.48,0.19,3.2,0.24,-0.07,0.00,43.13,4.31
9,Entry short,2025-10-10 12:00:00,[R001S 5A:40 bA:40 R:29 V:0.73 B:0.11 M:- ST:D CH:37 CF:- MI:35 SK:0 PS:D SQ:0],202.5,1000,202500,2.48,0.19,3.2,0.24,-0.07,0.00,43.13,4.31
10,Exit long,2025-10-12 22:00:00,[ExitL 5A:38 bA:38 R:66 V:2.36 B:0.8 M:+ ST:U CH:5 CF:+ MI:80 SK:84 PS:U SQ:0],202.8,1000,202100,4.49,0.34,5.23,0.39,-0.07,0.00,47.62,4.76
10,Entry long,2025-10-12 14:00:00,[R002L 5A:54 bA:54 R:25 V:0.04 B:0.19 M:- ST:D CH:5 CF:- MI:0 SK:15 PS:D SQ:0],202.1,1000,202100,4.49,0.34,5.23,0.39,-0.07,0.00,47.62,4.76
11,Exit long,2025-10-13 20:00:00,[ExitL 5A:40 bA:40 R:67 V:0.32 B:0.83 M:+ ST:U CH:19 CF:+ MI:90 SK:82 PS:U SQ:0],203.3,1000,203250,0.19,0.01,0.92,0.07,-0.07,0.00,47.82,4.78
11,Entry long,2025-10-13 17:00:00,[R001L 5A:35 bA:35 R:71 V:0.63 B:1.03 M:+ ST:U CH:26 CF:+ MI:65 SK:100 PS:U SQ:0],203.25,1000,203250,0.19,0.01,0.92,0.07,-0.07,0.00,47.82,4.78
12,Exit long,2025-10-14 16:00:00,[ExitL 5A:33 bA:33 R:63 V:1.29 B:0.82 M:+ ST:U CH:13 CF:+ MI:79 SK:83 PS:U SQ:0],202.15,1000,201950,1.18,0.09,1.9,0.14,-0.07,0.00,49,4.90
12,Entry long,2025-10-14 08:00:00,[R001L 5A:32 bA:32 R:58 V:1.37 B:1.03 M:+ ST:U CH:29 CF:+ MI:57 SK:100 PS:U SQ:0],201.95,1000,201950,1.18,0.09,1.9,0.14,-0.07,0.00,49,4.90
13,Exit short,2025-10-14 21:00:00,[ExitS 5A:25 bA:25 R:43 V:0.87 B:0.21 M:- ST:D CH:17 CF:+ MI:38 SK:18 PS:D SQ:0],201.8,1000,202150,2.17,0.16,2.9,0.22,-0.51,-0.04,51.18,5.12
13,Entry short,2025-10-14 16:00:00,[R002S 5A:33 bA:33 R:63 V:1.29 B:0.82 M:+ ST:U CH:13 CF:+ MI:79 SK:83 PS:U SQ:0],202.15,1000,202150,2.17,0.16,2.9,0.22,-0.51,-0.04,51.18,5.12
14,Exit short,2025-10-15 07:00:00,[ExitS 5A:26 bA:26 R:61 V:1.06 B:0.76 M:+ ST:D CH:19 CF:+ MI:87 SK:81 PS:U SQ:0],202.25,1000,202250,-0.13,-0.01,0.59,0.04,-0.07,0.00,51.04,5.10
14,Entry short,2025-10-15 06:00:00,[R002S 5A:27 bA:27 R:64 V:0.72 B:0.82 M:+ ST:U CH:12 CF:+ MI:93 SK:85 PS:U SQ:0],202.25,1000,202250,-0.13,-0.01,0.59,0.04,-0.07,0.00,51.04,5.10
15,Exit long,2025-10-15 14:00:00,[ExitL 5A:33 bA:33 R:65 V:0.27 B:0.8 M:+ ST:U CH:31 CF:+ MI:84 SK:75 PS:U SQ:0],202.45,1000,202450,-0.13,-0.01,0.59,0.04,-0.17,-0.01,50.91,5.09
15,Entry long,2025-10-15 08:00:00,[R001L 5A:29 bA:29 R:70 V:0.62 B:0.9 M:+ ST:U CH:26 CF:+ MI:78 SK:100 PS:U SQ:0],202.45,1000,202450,-0.13,-0.01,0.59,0.04,-0.17,-0.01,50.91,5.09
16,Exit short,2025-10-15 19:00:00,[ExitS 5A:31 bA:31 R:59 V:1.97 B:0.66 M:- ST:D CH:32 CF:+ MI:80 SK:63 PS:D SQ:0],202.4,1000,202450,0.2,0.01,1.05,0.08,-0.07,0.00,51.11,5.11
16,Entry short,2025-10-15 14:00:00,[R002S 5A:33 bA:33 R:65 V:0.27 B:0.8 M:+ ST:U CH:31 CF:+ MI:84 SK:75 PS:U SQ:0],202.45,1000,202450,0.2,0.01,1.05,0.08,-0.07,0.00,51.11,5.11
17,Exit short,2025-10-16 13:00:00,[ExitS 5A:53 bA:53 R:25 V:4.85 B:0.2 M:- ST:D CH:5 CF:- MI:38 SK:15 PS:D SQ:0],202.05,1000,202950,5.82,0.43,6.55,0.49,-0.07,0.00,56.93,5.69
17,Entry short,2025-10-16 06:00:00,[R001S 5A:48 bA:48 R:52 V:0.74 B:0.33 M:- ST:D CH:39 CF:+ MI:57 SK:0 PS:D SQ:0],202.95,1000,202950,5.82,0.43,6.55,0.49,-0.07,0.00,56.93,5.69
18,Exit long,2025-10-19 14:00:00,[ExitL 5A:38 bA:38 R:69 V:0.14 B:0.82 M:+ ST:U CH:5 CF:+ MI:99 SK:85 PS:U SQ:0],202.15,1000,201600,3.52,0.26,4.25,0.32,-0.07,0.00,60.45,6.04
18,Entry long,2025-10-17 08:00:00,[R002L 5A:30 bA:30 R:50 V:0.69 B:0.62 M:+ ST:D CH:26 CF:+ MI:28 SK:50 PS:D SQ:0],201.6,1000,201600,3.52,0.26,4.25,0.32,-0.07,0.00,60.45,6.04
19,Exit short,2025-10-19 15:00:00,[ExitS 5A:37 bA:37 R:65 V:0.2 B:0.75 M:+ ST:D CH:18 CF:+ MI:96 SK:80 PS:D SQ:0],202.15,1000,202150,-0.13,-0.01,0.6,0.04,-0.07,-0.01,60.31,6.03
19,Entry short,2025-10-19 14:00:00,[R002S 5A:38 bA:38 R:69 V:0.14 B:0.82 M:+ ST:U CH:5 CF:+ MI:99 SK:85 PS:U SQ:0],202.15,1000,202150,-0.13,-0.01,0.6,0.04,-0.07,-0.01,60.31,6.03
20,Exit long,2025-10-19 20:00:00,[ExitL 5A:51 bA:51 R:74 V:1.65 B:0.82 M:+ ST:U CH:8 CF:+ MI:84 SK:85 PS:U SQ:0],202.65,1000,202350,1.86,0.14,2.59,0.19,-0.07,0.00,62.17,6.22
20,Entry long,2025-10-19 15:00:00,[R001L 5A:39 bA:39 R:73 V:0.27 B:0.9 M:+ ST:U CH:26 CF:+ MI:92 SK:100 PS:U SQ:0],202.35,1000,202350,1.86,0.14,2.59,0.19,-0.07,0.00,62.17,6.22
21,Exit short,2025-10-21 07:00:00,[ExitS 5A:35 bA:35 R:42 V:1.92 B:0.18 M:- ST:D CH:8 CF:+ MI:21 SK:15 PS:D SQ:0],202.9,1000,203400,3.18,0.24,3.91,0.29,-0.07,0.00,65.35,6.54
21,Entry short,2025-10-21 06:00:00,[R002S 5A:57 bA:57 R:77 V:0.34 B:0.8 M:+ ST:U CH:5 CF:+ MI:97 SK:85 PS:U SQ:0],203.4,1000,203400,3.18,0.24,3.91,0.29,-0.07,0.00,65.35,6.54
22,Exit long,2025-10-22 10:00:00,[ExitL 5A:34 bA:34 R:64 V:1.06 B:0.8 M:+ ST:U CH:5 CF:+ MI:92 SK:85 PS:U SQ:0],202.85,1000,202450,2.5,0.19,3.22,0.24,-0.07,0.00,67.85,6.79
22,Entry long,2025-10-22 06:00:00,[R001L 5A:40 bA:40 R:47 V:0.49 B:0.58 M:+ ST:U CH:28 CF:+ MI:66 SK:88 PS:U SQ:0],202.45,1000,202450,2.5,0.19,3.22,0.24,-0.07,0.00,67.85,6.79
23,Exit short,2025-10-22 11:00:00,[ExitS 5A:27 bA:27 R:55 V:0.83 B:0.62 M:+ ST:D CH:26 CF:+ MI:63 SK:50 PS:D SQ:0],202.75,1000,202850,0.52,0.04,1.25,0.09,-0.07,0.00,68.38,6.84
23,Entry short,2025-10-22 10:00:00,[R002S 5A:34 bA:34 R:64 V:1.06 B:0.8 M:+ ST:U CH:5 CF:+ MI:92 SK:85 PS:U SQ:0],202.85,1000,202850,0.52,0.04,1.25,0.09,-0.07,0.00,68.38,6.84
24,Exit long,2025-10-23 00:00:00,[ExitL 5A:55 bA:55 R:77 V:1.86 B:0.8 M:+ ST:U CH:5 CF:+ MI:85 SK:85 PS:U SQ:0],203.65,1000,202750,5.79,0.43,6.51,0.49,-0.07,0.00,74.17,7.42
24,Entry long,2025-10-22 11:00:00,[R002L 5A:27 bA:27 R:55 V:0.83 B:0.62 M:+ ST:D CH:26 CF:+ MI:63 SK:50 PS:D SQ:0],202.75,1000,202750,5.79,0.43,6.51,0.49,-0.07,0.00,74.17,7.42
25,Exit short,2025-10-23 17:00:00,[ExitS 5A:35 bA:35 R:48 V:3.01 B:0.17 M:- ST:D CH:25 CF:- MI:38 SK:24 PS:D SQ:0],203.35,1000,203450,0.52,0.04,1.4,0.11,-0.07,0.00,74.69,7.47
25,Entry short,2025-10-23 07:00:00,[R001S 5A:47 bA:47 R:53 V:0.71 B:0.33 M:- ST:D CH:39 CF:+ MI:38 SK:0 PS:D SQ:0],203.45,1000,203450,0.52,0.04,1.4,0.11,-0.07,0.00,74.69,7.47
26,Exit short,2025-10-28 08:00:00,[ExitS 5A:79 bA:79 R:20 V:2.25 B:0.19 M:+ ST:D CH:16 CF:- MI:44 SK:20 PS:D SQ:0],201.9,1000,202050,0.85,0.06,1.66,0.13,-0.07,0.00,75.54,7.55
26,Entry short,2025-10-28 06:00:00,[R001S 5A:76 bA:76 R:12 V:0.54 B:0.1 M:- ST:D CH:11 CF:- MI:38 SK:0 PS:D SQ:0],202.05,1000,202050,0.85,0.06,1.66,0.13,-0.07,0.00,75.54,7.55
27,Exit short,2025-10-28 18:00:00,[ExitS 5A:59 bA:59 R:27 V:1.92 B:0.19 M:- ST:D CH:10 CF:- MI:43 SK:15 PS:D SQ:0],201.4,1000,201650,1.51,0.11,2.23,0.17,-0.07,0.00,77.05,7.70
27,Entry short,2025-10-28 16:00:00,[R001S 5A:54 bA:54 R:26 V:0.18 B:0 M:+ ST:D CH:20 CF:+ MI:47 SK:0 PS:D SQ:0],201.65,1000,201650,1.51,0.11,2.23,0.17,-0.07,0.00,77.05,7.70
28,Exit short,2025-10-29 07:00:00,[ExitS 5A:56 bA:56 R:25 V:0.46 B:0.2 M:- ST:D CH:8 CF:- MI:3 SK:15 PS:D SQ:0],200.85,1000,201000,0.85,0.06,1.58,0.12,-0.07,0.00,77.9,7.79
28,Entry short,2025-10-29 06:00:00,[R001S 5A:48 bA:48 R:20 V:0.33 B:0.01 M:- ST:D CH:8 CF:- MI:21 SK:0 PS:D SQ:0],201,1000,201000,0.85,0.06,1.58,0.12,-0.07,0.00,77.9,7.79
29,Exit long,2025-10-29 11:00:00,[ExitL 5A:35 bA:35 R:54 V:1.85 B:0.81 M:+ ST:U CH:11 CF:- MI:76 SK:83 PS:U SQ:0],201.25,1000,200850,2.5,0.19,3.22,0.24,-0.07,0.00,80.4,8.04
29,Entry long,2025-10-29 07:00:00,[R002L 5A:56 bA:56 R:25 V:0.46 B:0.2 M:- ST:D CH:8 CF:- MI:3 SK:15 PS:D SQ:0],200.85,1000,200850,2.5,0.19,3.22,0.24,-0.07,0.00,80.4,8.04
30,Exit long,2025-10-29 14:00:00,[ExitL 5A:30 bA:30 R:62 V:1.2 B:0.81 M:+ ST:U CH:24 CF:+ MI:48 SK:78 PS:U SQ:0],201.5,1000,201450,0.2,0.01,0.92,0.07,-0.07,0.00,80.59,8.06
30,Entry long,2025-10-29 12:00:00,[R001L 5A:27 bA:27 R:64 V:0.62 B:0.89 M:+ ST:U CH:26 CF:+ MI:63 SK:100 PS:U SQ:0],201.45,1000,201450,0.2,0.01,0.92,0.07,-0.07,0.00,80.59,8.06
31,Exit short,2025-10-29 20:00:00,[ExitS 5A:22 bA:22 R:49 V:0.18 B:0.39 M:- ST:D CH:30 CF:- MI:25 SK:25 PS:D SQ:0],201.3,1000,201500,1.18,0.09,1.9,0.14,-0.33,-0.02,81.77,8.18
31,Entry short,2025-10-29 14:00:00,[R002S 5A:30 bA:30 R:62 V:1.2 B:0.81 M:+ ST:U CH:24 CF:+ MI:48 SK:78 PS:U SQ:0],201.5,1000,201500,1.18,0.09,1.9,0.14,-0.33,-0.02,81.77,8.18
32,Exit short,2025-10-30 13:00:00,[ExitS 5A:31 bA:31 R:44 V:0.36 B:0.19 M:- ST:D CH:24 CF:- MI:42 SK:22 PS:D SQ:0],202.65,1000,202700,0.19,0.01,0.92,0.07,-0.07,0.00,81.97,8.20
32,Entry short,2025-10-30 11:00:00,[R001S 5A:35 bA:35 R:44 V:0.66 B:0.03 M:- ST:D CH:37 CF:+ MI:58 SK:0 PS:D SQ:0],202.7,1000,202700,0.19,0.01,0.92,0.07,-0.07,0.00,81.97,8.20
33,Exit long,2025-10-30 16:00:00,[ExitL 5A:29 bA:29 R:42 V:1 B:0.14 M:- ST:D CH:25 CF:- MI:29 SK:11 PS:D SQ:0],202.6,1000,202650,-0.46,-0.03,0.34,0.03,-0.39,-0.03,81.51,8.15
33,Entry long,2025-10-30 13:00:00,[R002L 5A:31 bA:31 R:44 V:0.36 B:0.19 M:- ST:D CH:24 CF:- MI:42 SK:22 PS:D SQ:0],202.65,1000,202650,-0.46,-0.03,0.34,0.03,-0.39,-0.03,81.51,8.15
34,Exit long,2025-11-05 09:00:00,[ExitL 5A:57 bA:57 R:77 V:3.28 B:0.8 M:+ ST:U CH:5 CF:+ MI:75 SK:85 PS:U SQ:0],201.1,1000,200650,2.8,0.21,3.51,0.27,-0.07,0.00,84.31,8.43
34,Entry long,2025-11-05 07:00:00,[R001L 5A:37 bA:37 R:75 V:0.35 B:1.01 M:+ ST:U CH:18 CF:+ MI:85 SK:100 PS:U SQ:0],200.65,1000,200650,2.8,0.21,3.51,0.27,-0.07,0.00,84.31,8.43
35,Exit short,2025-11-06 09:00:00,[ExitS 5A:34 bA:34 R:37 V:0.53 B:0.18 M:- ST:D CH:5 CF:- MI:5 SK:14 PS:D SQ:0],200.6,1000,200900,1.82,0.14,2.53,0.19,-0.07,0.00,86.12,8.61
35,Entry short,2025-11-06 06:00:00,[R001S 5A:32 bA:32 R:47 V:0.47 B:0.03 M:- ST:D CH:44 CF:- MI:48 SK:0 PS:D SQ:0],200.9,1000,200900,1.82,0.14,2.53,0.19,-0.07,0.00,86.12,8.61
36,Exit long,2025-11-06 16:00:00,[ExitL 5A:26 bA:26 R:59 V:5.04 B:0.81 M:+ ST:U CH:11 CF:- MI:31 SK:81 PS:U SQ:0],201.05,1000,200600,2.81,0.21,3.3,0.25,-0.07,0.00,88.93,8.89
36,Entry long,2025-11-06 09:00:00,[R002L 5A:34 bA:34 R:37 V:0.53 B:0.18 M:- ST:D CH:5 CF:- MI:5 SK:14 PS:D SQ:0],200.6,1000,200600,2.81,0.21,3.3,0.25,-0.07,0.00,88.93,8.89
37,Exit long,2025-11-07 07:00:00,[ExitL 5A:32 bA:32 R:68 V:2.1 B:0.81 M:+ ST:U CH:5 CF:+ MI:80 SK:85 PS:U SQ:0],201.5,1000,201500,-0.13,-0.01,0.59,0.04,-0.07,0.00,88.8,8.88
37,Entry long,2025-11-07 06:00:00,[R001L 5A:26 bA:26 R:75 V:1.16 B:0.98 M:+ ST:U CH:3 CF:- MI:89 SK:100 PS:U SQ:0],201.5,1000,201500,-0.13,-0.01,0.59,0.04,-0.07,0.00,88.8,8.88
38,Exit long,2025-11-10 02:00:00,[ExitL 5A:79 bA:79 R:84 V:1.27 B:0.8 M:+ ST:U CH:8 CF:+ MI:89 SK:85 PS:U SQ:0],203,1000,202200,5.08,0.39,5.8,0.44,-0.42,-0.03,93.88,9.39
38,Entry long,2025-11-09 17:00:00,[R001L 5A:52 bA:52 R:86 V:1.01 B:0.95 M:+ ST:U CH:0 CF:+ MI:100 SK:100 PS:U SQ:0],202.2,1000,202200,5.08,0.39,5.8,0.44,-0.42,-0.03,93.88,9.39
39,Exit short,2025-11-10 09:00:00,[ExitS 5A:43 bA:43 R:46 V:1.23 B:0.16 M:- ST:D CH:16 CF:- MI:35 SK:18 PS:D SQ:0],202.65,1000,202800,0.85,0.06,1.56,0.12,-0.07,0.00,94.73,9.47
39,Entry short,2025-11-10 07:00:00,[R001S 5A:60 bA:60 R:54 V:0.54 B:0.2 M:- ST:D CH:39 CF:- MI:33 SK:0 PS:D SQ:0],202.8,1000,202800,0.85,0.06,1.56,0.12,-0.07,0.00,94.73,9.47
40,Exit long,2025-11-10 21:00:00,[ExitL 5A:36 bA:36 R:65 V:0.98 B:0.82 M:+ ST:U CH:12 CF:+ MI:90 SK:85 PS:U SQ:0],203.1,1000,202650,2.79,0.21,3.5,0.27,-0.07,0.00,97.51,9.75
40,Entry long,2025-11-10 09:00:00,[R002L 5A:43 bA:43 R:46 V:1.23 B:0.16 M:- ST:D CH:16 CF:- MI:35 SK:18 PS:D SQ:0],202.65,1000,202650,2.79,0.21,3.5,0.27,-0.07,0.00,97.51,9.75
41,Exit long,2025-11-13 10:00:00,[ExitL 5A:38 bA:38 R:66 V:2.13 B:0.79 M:+ ST:U CH:27 CF:+ MI:52 SK:77 PS:U SQ:0],203.85,1000,203850,-0.13,-0.01,0.58,0.04,-0.07,0.00,97.38,9.74
41,Entry long,2025-11-13 08:00:00,[R001L 5A:35 bA:35 R:71 V:0.91 B:0.94 M:+ ST:U CH:28 CF:+ MI:62 SK:100 PS:U SQ:0],203.85,1000,203850,-0.13,-0.01,0.58,0.04,-0.07,0.00,97.38,9.74
42,Exit long,2025-11-14 07:00:00,[ExitL 5A:27 bA:27 R:45 V:2.01 B:0.46 M:+ ST:U CH:31 CF:- MI:60 SK:71 PS:U SQ:0],203,1000,203050,-0.45,-0.03,0.26,0.02,-0.39,-0.03,96.93,9.69
42,Entry long,2025-11-14 06:00:00,[R001L 5A:31 bA:31 R:48 V:0.84 B:0.48 M:+ ST:U CH:19 CF:+ MI:64 SK:67 PS:U SQ:0],203.05,1000,203050,-0.45,-0.03,0.26,0.02,-0.39,-0.03,96.93,9.69
43,Exit short,2025-11-16 23:00:00,[ExitS 5A:30 bA:30 R:62 V:0.25 B:0.77 M:+ ST:U CH:23 CF:- MI:52 SK:80 PS:D SQ:0],203.45,1000,203450,-0.13,-0.01,0.58,0.04,-0.09,-0.01,96.79,9.68
43,Entry short,2025-11-16 17:00:00,[R002S 5A:29 bA:29 R:64 V:1.28 B:0.82 M:+ ST:U CH:16 CF:+ MI:68 SK:83 PS:U SQ:0],203.45,1000,203450,-0.13,-0.01,0.58,0.04,-0.09,-0.01,96.79,9.68
44,Exit long,2025-11-17 09:00:00,[ExitL 5A:62 bA:62 R:77 V:1.87 B:0.81 M:+ ST:U CH:5 CF:+ MI:87 SK:81 PS:U SQ:0],204.4,1000,204150,1.48,0.11,2.37,0.18,-0.07,0.00,98.28,9.83
44,Entry long,2025-11-17 07:00:00,[R001L 5A:49 bA:49 R:81 V:0.24 B:0.94 M:+ ST:U CH:12 CF:+ MI:87 SK:100 PS:U SQ:0],204.15,1000,204150,1.48,0.11,2.37,0.18,-0.07,0.00,98.28,9.83
45,Exit long,2025-11-18 13:00:00,[ExitL 5A:32 bA:32 R:64 V:2.26 B:0.84 M:+ ST:U CH:24 CF:+ MI:62 SK:80 PS:U SQ:0],204.5,1000,204450,0.19,0.01,0.9,0.07,-0.07,0.00,98.47,9.85
45,Entry long,2025-11-18 09:00:00,[R001L 5A:26 bA:26 R:66 V:0.59 B:0.96 M:+ ST:U CH:37 CF:+ MI:63 SK:100 PS:U SQ:0],204.45,1000,204450,0.19,0.01,0.9,0.07,-0.07,0.00,98.47,9.85
46,Exit long,2025-11-19 07:00:00,[ExitL 5A:51 bA:51 R:76 V:0.4 B:0.8 M:+ ST:U CH:5 CF:+ MI:97 SK:85 PS:U SQ:0],205.2,1000,205050,0.83,0.06,1.54,0.12,-0.07,0.00,99.3,9.93
46,Entry long,2025-11-19 06:00:00,[R001L 5A:39 bA:39 R:81 V:0.55 B:0.94 M:+ ST:U CH:3 CF:+ MI:100 SK:100 PS:U SQ:0],205.05,1000,205050,0.83,0.06,1.54,0.12,-0.07,0.00,99.3,9.93
47,Exit short,2025-11-19 13:00:00,[ExitS 5A:33 bA:33 R:49 V:5.29 B:0.21 M:- ST:D CH:14 CF:+ MI:68 SK:18 PS:D SQ:0],204.85,1000,205200,2.12,0.16,2.83,0.21,-0.07,0.00,101.42,10.14
47,Entry short,2025-11-19 07:00:00,[R002S 5A:51 bA:51 R:76 V:0.4 B:0.8 M:+ ST:U CH:5 CF:+ MI:97 SK:85 PS:U SQ:0],205.2,1000,205200,2.12,0.16,2.83,0.21,-0.07,0.00,101.42,10.14
48,Exit long,2025-11-19 15:00:00,[ExitL 5A:29 bA:29 R:61 V:0.32 B:0.73 M:+ ST:U CH:18 CF:+ MI:89 SK:80 PS:U SQ:0],205.15,1000,205050,0.5,0.04,1.22,0.09,-0.07,0.00,101.92,10.19
48,Entry long,2025-11-19 13:00:00,[R001L 5A:28 bA:28 R:61 V:0.98 B:0.54 M:- ST:U CH:19 CF:+ MI:75 SK:67 PS:U SQ:0],205.05,1000,205050,0.5,0.04,1.22,0.09,-0.07,0.00,101.92,10.19
49,Exit short,2025-11-19 17:00:00,[ExitS 5A:27 bA:27 R:59 V:1.09 B:0.76 M:- ST:D CH:20 CF:+ MI:86 SK:80 PS:U SQ:0],205.15,1000,205150,-0.13,-0.01,0.57,0.04,-0.07,0.00,101.79,10.18
49,Entry short,2025-11-19 15:00:00,[R002S 5A:29 bA:29 R:61 V:0.32 B:0.73 M:+ ST:U CH:18 CF:+ MI:89 SK:80 PS:U SQ:0],205.15,1000,205150,-0.13,-0.01,0.57,0.04,-0.07,0.00,101.79,10.18
50,Exit long,2025-11-20 07:00:00,[ExitL 5A:56 bA:56 R:78 V:2.3 B:0.8 M:+ ST:U CH:5 CF:+ MI:82 SK:85 PS:U SQ:0],206.55,1000,205950,3.69,0.28,4.39,0.33,-0.07,0.00,105.48,10.55
50,Entry long,2025-11-20 05:00:00,[R001L 5A:29 bA:29 R:72 V:0.83 B:0.98 M:+ ST:U CH:8 CF:+ MI:91 SK:100 PS:U SQ:0],205.95,1000,205950,3.69,0.28,4.39,0.33,-0.07,0.00,105.48,10.55
51,Exit short,2025-11-20 11:00:00,[ExitS 5A:36 bA:36 R:38 V:1.29 B:0.19 M:- ST:D CH:5 CF:- MI:12 SK:15 PS:D SQ:0],205.95,1000,206300,2.1,0.16,2.8,0.21,-0.07,0.00,107.57,10.76
51,Entry short,2025-11-20 08:00:00,[R001S 5A:49 bA:49 R:55 V:0.52 B:0.42 M:- ST:D CH:24 CF:+ MI:53 SK:13 PS:D SQ:0],206.3,1000,206300,2.1,0.16,2.8,0.21,-0.07,0.00,107.57,10.76
52,Exit long,2025-11-20 12:00:00,[ExitL 5A:27 bA:27 R:46 V:1.02 B:0.38 M:- ST:U CH:26 CF:- MI:42 SK:50 PS:U SQ:0],206.05,1000,205950,0.51,0.04,1.21,0.09,-0.07,0.00,108.08,10.81
52,Entry long,2025-11-20 11:00:00,[R002L 5A:36 bA:36 R:38 V:1.29 B:0.19 M:- ST:D CH:5 CF:- MI:12 SK:15 PS:D SQ:0],205.95,1000,205950,0.51,0.04,1.21,0.09,-0.07,0.00,108.08,10.81
53,Exit short,2025-11-20 17:00:00,[ExitS 5A:25 bA:25 R:44 V:3.66 B:0.34 M:- ST:D CH:39 CF:- MI:56 SK:35 PS:D SQ:0],205.95,1000,206050,0.5,0.04,1.25,0.10,-0.07,0.00,108.58,10.86
53,Entry short,2025-11-20 12:00:00,[R002S 5A:27 bA:27 R:46 V:1.02 B:0.38 M:- ST:U CH:26 CF:- MI:42 SK:50 PS:U SQ:0],206.05,1000,206050,0.5,0.04,1.25,0.10,-0.07,0.00,108.58,10.86
54,Exit long,2025-11-21 11:00:00,[ExitL 5A:21 bA:21 R:46 V:2.03 B:0.54 M:+ ST:U CH:38 CF:- MI:31 SK:30 PS:D SQ:0],204.95,1000,204950,-0.13,-0.01,0.76,0.06,-0.07,0.00,108.45,10.85
54,Entry long,2025-11-21 08:00:00,[R002L 5A:26 bA:26 R:46 V:1.22 B:0.59 M:+ ST:D CH:25 CF:- MI:30 SK:47 PS:D SQ:0],204.95,1000,204950,-0.13,-0.01,0.76,0.06,-0.07,0.00,108.45,10.85
55,Exit long,2025-11-25 12:00:00,[ExitL 5A:27 bA:27 R:64 V:0.98 B:0.82 M:+ ST:U CH:7 CF:+ MI:92 SK:79 PS:U SQ:0],205.75,1000,205800,-0.45,-0.03,0.55,0.04,-0.38,-0.03,108,10.80
55,Entry long,2025-11-25 12:00:00,[R001L 5A:26 bA:26 R:73 V:1.09 B:0.98 M:+ ST:U CH:3 CF:+ MI:86 SK:100 PS:U SQ:0],205.8,1000,205800,-0.45,-0.03,0.55,0.04,-0.38,-0.03,108,10.80
56,Exit short,2025-11-25 16:00:00,[ExitS 5A:21 bA:21 R:53 V:0.86 B:0.54 M:- ST:D CH:27 CF:+ MI:56 SK:31 PS:D SQ:0],205.6,1000,205750,0.83,0.06,1.77,0.13,-0.07,0.00,108.83,10.88
56,Entry short,2025-11-25 12:00:00,[R002S 5A:27 bA:27 R:64 V:0.98 B:0.82 M:+ ST:U CH:7 CF:+ MI:92 SK:79 PS:U SQ:0],205.75,1000,205750,0.83,0.06,1.77,0.13,-0.07,0.00,108.83,10.88
57,Exit long,2025-11-26 15:00:00,[ExitL 5A:69 bA:69 R:81 V:0.48 B:0.8 M:+ ST:U CH:5 CF:+ MI:97 SK:85 PS:U SQ:0],207.1,1000,206350,4.66,0.35,5.38,0.41,-0.07,0.00,113.49,11.35
57,Entry long,2025-11-26 05:00:00,[R001L 5A:36 bA:36 R:77 V:0.35 B:0.93 M:+ ST:U CH:12 CF:+ MI:82 SK:100 PS:U SQ:0],206.35,1000,206350,4.66,0.35,5.38,0.41,-0.07,0.00,113.49,11.35
58,Exit short,2025-11-26 19:00:00,[ExitS 5A:50 bA:50 R:57 V:2.63 B:0.35 M:- ST:D CH:22 CF:+ MI:72 SK:22 PS:D SQ:0],206.85,1000,207100,1.47,0.11,2.17,0.16,-0.07,0.00,114.96,11.50
58,Entry short,2025-11-26 15:00:00,[R002S 5A:69 bA:69 R:81 V:0.48 B:0.8 M:+ ST:U CH:5 CF:+ MI:97 SK:85 PS:U SQ:0],207.1,1000,207100,1.47,0.11,2.17,0.16,-0.07,0.00,114.96,11.50
59,Exit long,2025-11-27 09:00:00,[ExitL 5A:30 bA:30 R:60 V:0.94 B:0.79 M:+ ST:U CH:24 CF:+ MI:50 SK:78 PS:U SQ:0],207,1000,206950,0.19,0.01,0.89,0.07,-0.07,0.00,115.15,11.51
59,Entry long,2025-11-27 07:00:00,[R001L 5A:29 bA:29 R:61 V:0.96 B:0.64 M:- ST:U CH:39 CF:- MI:46 SK:100 PS:U SQ:0],206.95,1000,206950,0.19,0.01,0.89,0.07,-0.07,0.00,115.15,11.51
60,Exit short,2025-11-27 16:00:00,[ExitS 5A:27 bA:27 R:58 V:1.37 B:0.77 M:- ST:D CH:24 CF:+ MI:55 SK:78 PS:U SQ:0],207,1000,207000,-0.13,-0.01,0.57,0.04,-0.07,0.00,115.01,11.50
60,Entry short,2025-11-27 09:00:00,[R002S 5A:30 bA:30 R:60 V:0.94 B:0.79 M:+ ST:U CH:24 CF:+ MI:50 SK:78 PS:U SQ:0],207,1000,207000,-0.13,-0.01,0.57,0.04,-0.07,0.00,115.01,11.50
61,Exit long,2025-11-30 14:00:00,[ExitL 5A:25 bA:25 R:52 V:3.64 B:0.73 M:+ ST:U CH:17 CF:- MI:38 SK:74 PS:U SQ:0],206.65,1000,206550,0.51,0.04,1.49,0.11,-0.07,0.00,115.52,11.55
61,Entry long,2025-11-28 06:00:00,[R001L 5A:32 bA:32 R:47 V:0.49 B:0.48 M:+ ST:U CH:19 CF:- MI:25 SK:67 PS:U SQ:0],206.55,1000,206550,0.51,0.04,1.49,0.11,-0.07,0.00,115.52,11.55
62,Exit long,2025-12-03 15:00:00,[ExitL 5A:36 bA:66 R:81 V:0.25 B:0.8 M:+ ST:U CH:5 CF:+ MI:99 SK:85 PS:U SQ:0],207.15,1000,206800,2.12,0.16,2.82,0.21,-0.07,0.00,117.64,11.76
62,Entry long,2025-12-03 06:00:00,[R001L 5A:43 bA:48 R:87 V:1.24 B:0.91 M:+ ST:U CH:0 CF:+ MI:100 SK:100 PS:U SQ:0],206.8,1000,206800,2.12,0.16,2.82,0.21,-0.07,0.00,117.64,11.76
63,Exit short,2025-12-03 17:00:00,[ExitS 5A:28 bA:59 R:66 V:0.88 B:0.62 M:- ST:D CH:26 CF:+ MI:83 SK:50 PS:D SQ:0],207.05,1000,207150,0.51,0.04,1.22,0.09,-0.07,0.00,118.15,11.82
63,Entry short,2025-12-03 15:00:00,[R002S 5A:36 bA:66 R:81 V:0.25 B:0.8 M:+ ST:U CH:5 CF:+ MI:99 SK:85 PS:U SQ:0],207.15,1000,207150,0.51,0.04,1.22,0.09,-0.07,0.00,118.15,11.82
64,Exit long,2025-12-04 09:00:00,[ExitL 5A:20 bA:26 R:50 V:2.11 B:0.56 M:+ ST:U CH:25 CF:- MI:52 SK:77 PS:U SQ:0],206.8,1000,206600,1.15,0.09,1.87,0.14,-0.07,0.00,119.31,11.93
64,Entry long,2025-12-04 06:00:00,[R002L 5A:34 bA:37 R:36 V:1.12 B:0.18 M:- ST:D CH:9 CF:- MI:7 SK:19 PS:D SQ:0],206.6,1000,206600,1.15,0.09,1.87,0.14,-0.07,0.00,119.31,11.93
65,Exit long,2025-12-05 08:00:00,[ExitL 5A:39 bA:32 R:67 V:1.69 B:0.8 M:+ ST:U CH:5 CF:+ MI:84 SK:85 PS:U SQ:0],207.1,1000,207150,-0.46,-0.03,0.26,0.02,-0.39,-0.03,118.85,11.89
65,Entry long,2025-12-05 05:00:00,[R001L 5A:31 bA:29 R:75 V:0.83 B:0.95 M:+ ST:U CH:0 CF:+ MI:100 SK:100 PS:U SQ:0],207.15,1000,207150,-0.46,-0.03,0.26,0.02,-0.39,-0.03,118.85,11.89
66,Exit long,2025-12-08 07:00:00,[ExitL 5A:34 bA:41 R:73 V:1.34 B:0.8 M:+ ST:U CH:5 CF:+ MI:90 SK:85 PS:U SQ:0],207.55,1000,207600,-0.46,-0.03,0,0.00,-0.39,-0.03,118.4,11.84
66,Entry long,2025-12-08 07:00:00,[R001L 5A:34 bA:40 R:83 V:0.42 B:0.91 M:+ ST:U CH:0 CF:+ MI:100 SK:100 PS:U SQ:0],207.6,1000,207600,-0.46,-0.03,0,0.00,-0.39,-0.03,118.4,11.84
67,Exit short,2025-12-08 11:00:00,[ExitS 5A:40 bA:42 R:72 V:1.76 B:0.8 M:+ ST:U CH:14 CF:+ MI:79 SK:91 PS:U SQ:0],207.6,1000,207550,-0.46,-0.03,0.26,0.02,-0.39,-0.03,117.94,11.79
67,Entry short,2025-12-08 07:00:00,[R002S 5A:34 bA:41 R:73 V:1.34 B:0.8 M:+ ST:U CH:5 CF:+ MI:90 SK:85 PS:U SQ:0],207.55,1000,207550,-0.46,-0.03,0.26,0.02,-0.39,-0.03,117.94,11.79
68,Exit long,2025-12-09 09:00:00,[ExitL 5A:33 bA:53 R:71 V:0.9 B:0.82 M:+ ST:U CH:5 CF:+ MI:95 SK:86 PS:U SQ:0],208.8,1000,208850,-0.45,-0.03,0,0.00,-0.39,-0.03,117.49,11.75
68,Entry long,2025-12-09 09:00:00,[R001L 5A:33 bA:53 R:82 V:0.35 B:0.98 M:+ ST:U CH:2 CF:+ MI:95 SK:100 PS:U SQ:0],208.85,1000,208850,-0.45,-0.03,0,0.00,-0.39,-0.03,117.49,11.75
69,Exit short,2025-12-09 21:00:00,[ExitS 5A:23 bA:34 R:46 V:1.05 B:0.21 M:- ST:D CH:14 CF:- MI:12 SK:18 PS:D SQ:0],208.45,1000,208800,2.1,0.16,2.8,0.21,-0.07,0.00,119.58,11.96
69,Entry short,2025-12-09 09:00:00,[R002S 5A:33 bA:53 R:71 V:0.9 B:0.82 M:+ ST:U CH:5 CF:+ MI:95 SK:86 PS:U SQ:0],208.8,1000,208800,2.1,0.16,2.8,0.21,-0.07,0.00,119.58,11.96
70,Exit short,2025-12-12 09:00:00,[ExitS 5A:25 bA:23 R:37 V:0.35 B:0.18 M:- ST:D CH:11 CF:- MI:30 SK:15 PS:D SQ:0],208.1,1000,208050,-0.46,-0.03,0,0.00,-0.39,-0.03,119.13,11.91
70,Entry short,2025-12-12 09:00:00,[R001S 5A:25 bA:22 R:28 V:0.82 B:0 M:- ST:D CH:8 CF:- MI:30 SK:0 PS:D SQ:0],208.05,1000,208050,-0.46,-0.03,0,0.00,-0.39,-0.03,119.13,11.91
71,Exit long,2025-12-12 11:00:00,[ExitL 5A:20 bA:19 R:45 V:2.22 B:0.38 M:+ ST:U CH:26 CF:- MI:19 SK:50 PS:U SQ:0],208.25,1000,208100,0.83,0.06,1.22,0.09,-0.07,0.00,119.96,12.00
71,Entry long,2025-12-12 09:00:00,[R002L 5A:25 bA:23 R:37 V:0.35 B:0.18 M:- ST:D CH:11 CF:- MI:30 SK:15 PS:D SQ:0],208.1,1000,208100,0.83,0.06,1.22,0.09,-0.07,0.00,119.96,12.00
72,Exit short,2025-12-15 07:00:00,[ExitS 5A:21 bA:28 R:54 V:0.95 B:0.85 M:+ ST:U CH:36 CF:+ MI:74 SK:86 PS:U SQ:0],207.65,1000,207600,-0.45,-0.03,0.25,0.02,-0.39,-0.03,119.5,11.95
72,Entry short,2025-12-15 06:00:00,[R002S 5A:25 bA:31 R:51 V:1.48 B:0.81 M:+ ST:U CH:26 CF:+ MI:83 SK:78 PS:U SQ:0],207.6,1000,207600,-0.45,-0.03,0.25,0.02,-0.39,-0.03,119.5,11.95
73,Exit long,2025-12-17 12:00:00,[ExitL 5A:48 bA:41 R:73 V:3.71 B:0.8 M:+ ST:U CH:5 CF:+ MI:67 SK:85 PS:U SQ:0],208.25,1000,208200,0.19,0.01,0.58,0.04,-0.07,0.00,119.69,11.97
73,Entry long,2025-12-17 08:00:00,[R001L 5A:40 bA:36 R:81 V:0.64 B:0.91 M:+ ST:U CH:0 CF:+ MI:100 SK:100 PS:U SQ:0],208.2,1000,208200,0.19,0.01,0.58,0.04,-0.07,0.00,119.69,11.97
74,Exit short,2025-12-18 16:00:00,[ExitS 5A:26 bA:30 R:40 V:2.94 B:0.18 M:- ST:D CH:8 CF:- MI:22 SK:20 PS:D SQ:0],208.3,1000,208800,3.08,0.23,4.01,0.30,-0.07,0.00,122.77,12.28
74,Entry short,2025-12-18 06:00:00,[R002S 5A:35 bA:41 R:72 V:1.31 B:0.8 M:+ ST:U CH:5 CF:+ MI:87 SK:85 PS:U SQ:0],208.8,1000,208800,3.08,0.23,4.01,0.30,-0.07,0.00,122.77,12.28
75,Exit long,2025-12-21 14:00:00,[ExitL 5A:44 bA:76 R:78 V:0.25 B:0.83 M:- ST:U CH:8 CF:+ MI:94 SK:85 PS:U SQ:0],210.85,1000,210600,1.45,0.11,2.18,0.16,-0.07,0.00,124.22,12.42
75,Entry long,2025-12-19 10:00:00,[R001L 5A:38 bA:75 R:82 V:1.32 B:0.9 M:- ST:U CH:26 CF:+ MI:80 SK:100 PS:U SQ:0],210.6,1000,210600,1.45,0.11,2.18,0.16,-0.07,0.00,124.22,12.42
76,Exit short,2025-12-21 15:00:00,[ExitS 5A:35 bA:67 R:68 V:1.25 B:0.69 M:- ST:D CH:22 CF:+ MI:92 SK:67 PS:D SQ:0],210.8,1000,210850,0.18,0.01,0.88,0.07,-0.07,0.00,124.41,12.44
76,Entry short,2025-12-21 14:00:00,[R002S 5A:44 bA:76 R:78 V:0.25 B:0.83 M:- ST:U CH:8 CF:+ MI:94 SK:85 PS:U SQ:0],210.85,1000,210850,0.18,0.01,0.88,0.07,-0.07,0.00,124.41,12.44
77,Exit short,2025-12-22 13:00:00,[ExitS 5A:18 bA:49 R:62 V:2.17 B:0.62 M:- ST:D CH:28 CF:+ MI:65 SK:50 PS:D SQ:0],211.3,1000,211400,0.5,0.04,1.42,0.11,-0.07,0.00,124.91,12.49
77,Entry short,2025-12-22 05:00:00,[R002S 5A:37 bA:57 R:73 V:1.03 B:0.82 M:+ ST:U CH:5 CF:+ MI:92 SK:85 PS:U SQ:0],211.4,1000,211400,0.5,0.04,1.42,0.11,-0.07,0.00,124.91,12.49
78,Exit short,2025-12-23 19:00:00,[ExitS 5A:20 bA:23 R:40 V:1.89 B:0.19 M:- ST:D CH:11 CF:- MI:19 SK:17 PS:D SQ:0],210.65,1000,211050,2.43,0.18,3.13,0.23,-0.07,0.00,127.33,12.73
78,Entry short,2025-12-23 15:00:00,[R002S 5A:28 bA:26 R:62 V:0.97 B:0.81 M:+ ST:U CH:11 CF:- MI:77 SK:83 PS:U SQ:0],211.05,1000,211050,2.43,0.18,3.13,0.23,-0.07,0.00,127.33,12.73
79,Exit short,2025-12-24 07:00:00,[ExitS 5A:26 bA:31 R:34 V:0.75 B:0.17 M:- ST:D CH:18 CF:- MI:54 SK:18 PS:D SQ:0],210.25,1000,210200,-0.45,-0.03,0,0.00,-0.39,-0.03,126.88,12.69
79,Entry short,2025-12-24 07:00:00,[R001S 5A:26 bA:30 R:25 V:0.81 B:-0.01 M:- ST:D CH:16 CF:- MI:44 SK:0 PS:D SQ:0],210.2,1000,210200,-0.45,-0.03,0,0.00,-0.39,-0.03,126.88,12.69
80,Exit long,2025-12-25 19:00:00,[ExitL 5A:40 bA:44 R:73 V:2.3 B:0.8 M:+ ST:U CH:5 CF:+ MI:76 SK:85 PS:U SQ:0],211.2,1000,210250,5.96,0.44,6.67,0.49,-0.07,0.00,132.84,13.28
80,Entry long,2025-12-24 07:00:00,[R002L 5A:26 bA:31 R:34 V:0.75 B:0.17 M:- ST:D CH:18 CF:- MI:54 SK:18 PS:D SQ:0],210.25,1000,210250,5.96,0.44,6.67,0.49,-0.07,0.00,132.84,13.28
81,Exit long,2025-12-26 07:00:00,[ExitL 5A:28 bA:33 R:67 V:1.19 B:0.82 M:+ ST:U CH:8 CF:+ MI:92 SK:85 PS:U SQ:0],211.35,1000,211400,-0.46,-0.03,0,0.00,-0.39,-0.03,132.38,13.24
81,Entry long,2025-12-26 07:00:00,[R001L 5A:28 bA:33 R:76 V:0.92 B:0.99 M:+ ST:U CH:5 CF:+ MI:97 SK:100 PS:U SQ:0],211.4,1000,211400,-0.46,-0.03,0,0.00,-0.39,-0.03,132.38,13.24
82,Exit short,2025-12-28 18:00:00,[ExitS 5A:19 bA:28 R:57 V:0.92 B:0.62 M:- ST:D CH:29 CF:+ MI:33 SK:50 PS:D SQ:0],211.25,1000,211350,0.5,0.04,1.21,0.09,-0.08,-0.01,132.89,13.29
82,Entry short,2025-12-26 07:00:00,[R002S 5A:28 bA:33 R:67 V:1.19 B:0.82 M:+ ST:U CH:8 CF:+ MI:92 SK:85 PS:U SQ:0],211.35,1000,211350,0.5,0.04,1.21,0.09,-0.08,-0.01,132.89,13.29
83,Exit long,2026-01-05 23:00:00,[ExitL 5A:38 bA:54 R:77 V:2.11 B:0.8 M:+ ST:U CH:12 CF:+ MI:84 SK:85 PS:U SQ:0],211.9,1000,211550,2.1,0.16,2.81,0.21,-0.58,-0.04,134.99,13.50
83,Entry long,2026-01-05 12:00:00,[R001L 5A:31 bA:32 R:79 V:1.4 B:0.95 M:+ ST:U CH:3 CF:+ MI:100 SK:100 PS:U SQ:0],211.55,1000,211550,2.1,0.16,2.81,0.21,-0.58,-0.04,134.99,13.50
84,Exit long,2026-01-09 10:00:00,[ExitL 5A:39 bA:56 R:78 V:0.93 B:0.8 M:+ ST:U CH:10 CF:+ MI:94 SK:85 PS:U SQ:0],211.85,1000,211650,1.14,0.08,1.84,0.14,-0.07,0.00,136.13,13.61
84,Entry long,2026-01-09 06:00:00,[R001L 5A:40 bA:42 R:83 V:0.82 B:0.92 M:+ ST:U CH:4 CF:+ MI:100 SK:100 PS:U SQ:0],211.65,1000,211650,1.14,0.08,1.84,0.14,-0.07,0.00,136.13,13.61
85,Exit short,2026-01-11 16:00:00,[ExitS 5A:24 bA:53 R:68 V:2.6 B:0.69 M:- ST:D CH:23 CF:+ MI:89 SK:67 PS:D SQ:0],211.75,1000,211850,0.5,0.04,1.1,0.08,-0.07,0.00,136.63,13.66
85,Entry short,2026-01-09 10:00:00,[R002S 5A:39 bA:56 R:78 V:0.93 B:0.8 M:+ ST:U CH:10 CF:+ MI:94 SK:85 PS:U SQ:0],211.85,1000,211850,0.5,0.04,1.1,0.08,-0.07,0.00,136.63,13.66
86,Exit long,2026-01-12 15:00:00,[ExitL 5A:49 bA:73 R:78 V:0.55 B:0.81 M:+ ST:U CH:14 CF:+ MI:96 SK:83 PS:U SQ:0],212.85,1000,212750,0.5,0.04,1.26,0.09,-0.07,0.00,137.13,13.71
86,Entry long,2026-01-12 06:00:00,[R001L 5A:44 bA:67 R:85 V:1.47 B:0.93 M:+ ST:U CH:15 CF:+ MI:90 SK:100 PS:U SQ:0],212.75,1000,212750,0.5,0.04,1.26,0.09,-0.07,0.00,137.13,13.71
87,Exit short,2026-01-12 16:00:00,[ExitS 5A:45 bA:71 R:72 V:0.23 B:0.75 M:- ST:U CH:24 CF:+ MI:87 SK:78 PS:D SQ:0],212.85,1000,212850,-0.13,-0.01,0.56,0.04,-0.07,0.00,136.99,13.70
87,Entry short,2026-01-12 15:00:00,[R002S 5A:49 bA:73 R:78 V:0.55 B:0.81 M:+ ST:U CH:14 CF:+ MI:96 SK:83 PS:U SQ:0],212.85,1000,212850,-0.13,-0.01,0.56,0.04,-0.07,0.00,136.99,13.70
88,Exit short,2026-01-13 14:00:00,[ExitS 5A:25 bA:45 R:49 V:3.78 B:0.18 M:- ST:D CH:27 CF:+ MI:45 SK:25 PS:D SQ:0],213.7,1000,213750,0.18,0.01,0.68,0.05,-0.07,0.00,137.17,13.72
88,Entry short,2026-01-13 07:00:00,[R001S 5A:36 bA:53 R:48 V:0.61 B:0.01 M:- ST:D CH:27 CF:+ MI:37 SK:0 PS:D SQ:0],213.75,1000,213750,0.18,0.01,0.68,0.05,-0.07,0.00,137.17,13.72
89,Exit short,2026-01-14 10:00:00,[ExitS 5A:42 bA:61 R:21 V:1.57 B:0.2 M:- ST:D CH:5 CF:- MI:13 SK:15 PS:D SQ:0],212.7,1000,213200,3.01,0.22,3.7,0.28,-0.07,0.00,140.18,14.02
89,Entry short,2026-01-14 06:00:00,[R001S 5A:26 bA:37 R:22 V:0.6 B:0.07 M:- ST:D CH:0 CF:- MI:0 SK:0 PS:D SQ:0],213.2,1000,213200,3.01,0.22,3.7,0.28,-0.07,0.00,140.18,14.02
90,Exit long,2026-01-14 14:00:00,[ExitL 5A:32 bA:44 R:45 V:0.23 B:0.65 M:+ ST:U CH:22 CF:- MI:63 SK:78 PS:U SQ:0],212.95,1000,213000,-0.45,-0.03,0,0.00,-0.38,-0.03,139.73,13.97
90,Entry long,2026-01-14 14:00:00,[R001L 5A:32 bA:47 R:51 V:0.85 B:0.79 M:+ ST:U CH:19 CF:- MI:56 SK:100 PS:U SQ:0],213,1000,213000,-0.45,-0.03,0,0.00,-0.38,-0.03,139.73,13.97
91,Exit short,2026-01-14 15:00:00,[ExitS 5A:25 bA:38 R:42 V:0.82 B:0.56 M:+ ST:D CH:29 CF:+ MI:89 SK:50 PS:D SQ:0],212.85,1000,212950,0.5,0.04,1.19,0.09,-0.07,0.00,140.22,14.02
91,Entry short,2026-01-14 14:00:00,[R002S 5A:32 bA:44 R:45 V:0.23 B:0.65 M:+ ST:U CH:22 CF:- MI:63 SK:78 PS:U SQ:0],212.95,1000,212950,0.5,0.04,1.19,0.09,-0.07,0.00,140.22,14.02
92,Exit long,2026-01-14 18:00:00,[ExitL 5A:19 bA:35 R:41 V:4.93 B:0.45 M:+ ST:D CH:39 CF:- MI:45 SK:17 PS:D SQ:0],212.85,1000,212850,-0.13,-0.01,0.25,0.02,-0.38,-0.03,140.09,14.01
92,Entry long,2026-01-14 15:00:00,[R002L 5A:25 bA:38 R:42 V:0.82 B:0.56 M:+ ST:D CH:29 CF:+ MI:89 SK:50 PS:D SQ:0],212.85,1000,212850,-0.13,-0.01,0.25,0.02,-0.38,-0.03,140.09,14.01
93,Exit short,2026-01-15 20:00:00,[ExitS 5A:48 bA:60 R:21 V:0.45 B:0.2 M:- ST:D CH:8 CF:- MI:3 SK:15 PS:D SQ:0],211.85,1000,212450,3.65,0.27,4.34,0.32,-0.07,0.00,143.74,14.37
93,Entry short,2026-01-15 06:00:00,[R001S 5A:30 bA:30 R:24 V:1.33 B:0.05 M:- ST:D CH:4 CF:- MI:0 SK:0 PS:D SQ:0],212.45,1000,212450,3.65,0.27,4.34,0.32,-0.07,0.00,143.74,14.37
94,Exit short,2026-01-18 14:00:00,[ExitS 5A:23 bA:54 R:31 V:2.86 B:0.17 M:+ ST:D CH:24 CF:- MI:42 SK:27 PS:D SQ:0],211.55,1000,211550,-0.13,-0.01,0.49,0.04,-0.38,-0.03,143.6,14.36
94,Entry short,2026-01-16 10:00:00,[R001S 5A:27 bA:54 R:22 V:1.33 B:-0.06 M:- ST:D CH:23 CF:- MI:30 SK:0 PS:D SQ:0],211.55,1000,211550,-0.13,-0.01,0.49,0.04,-0.38,-0.03,143.6,14.36
95,Exit long,2026-01-18 17:00:00,[ExitL 5A:22 bA:57 R:36 V:3.9 B:0.38 M:+ ST:U CH:26 CF:- MI:32 SK:50 PS:U SQ:0],211.1,1000,210950,0.82,0.06,1.2,0.09,-0.07,0.00,144.42,14.44
95,Entry long,2026-01-18 15:00:00,[R002L 5A:48 bA:66 R:23 V:0.8 B:0.19 M:- ST:D CH:5 CF:- MI:13 SK:15 PS:D SQ:0],210.95,1000,210950,0.82,0.06,1.2,0.09,-0.07,0.00,144.42,14.44
96,Exit long,2026-01-19 16:00:00,[ExitL 5A:38 bA:53 R:72 V:0.53 B:0.82 M:+ ST:U CH:18 CF:+ MI:83 SK:83 PS:U SQ:0],212.2,1000,212050,0.81,0.06,1.51,0.11,-0.07,0.00,145.23,14.52
96,Entry long,2026-01-19 07:00:00,[R001L 5A:32 bA:46 R:76 V:1.46 B:0.9 M:+ ST:U CH:22 CF:+ MI:83 SK:100 PS:U SQ:0],212.05,1000,212050,0.81,0.06,1.51,0.11,-0.07,0.00,145.23,14.52
97,Exit long,2026-01-20 08:00:00,[ExitL 5A:27 bA:31 R:46 V:2.96 B:0.53 M:+ ST:U CH:34 CF:- MI:47 SK:71 PS:U SQ:0],212.6,1000,212600,-0.13,-0.01,0.25,0.02,-0.38,-0.03,145.1,14.51
97,Entry long,2026-01-20 06:00:00,[R001L 5A:37 bA:35 R:49 V:1.36 B:0.59 M:+ ST:U CH:29 CF:+ MI:65 SK:75 PS:U SQ:0],212.6,1000,212600,-0.13,-0.01,0.25,0.02,-0.38,-0.03,145.1,14.51
98,Exit long,2026-01-21 07:00:00,[ExitL 5A:34 bA:33 R:65 V:1.59 B:0.8 M:+ ST:U CH:5 CF:+ MI:87 SK:85 PS:U SQ:0],212.55,1000,211900,3.97,0.30,4.67,0.35,-0.07,0.00,149.07,14.91
98,Entry long,2026-01-21 05:00:00,[R002L 5A:38 bA:39 R:30 V:0.77 B:0.18 M:- ST:D CH:5 CF:- MI:7 SK:15 PS:D SQ:0],211.9,1000,211900,3.97,0.30,4.67,0.35,-0.07,0.00,149.07,14.91
99,Exit long,2026-01-22 21:00:00,[ExitL 5A:43 bA:53 R:76 V:1.58 B:0.8 M:+ ST:U CH:5 CF:+ MI:89 SK:85 PS:U SQ:0],214.05,1000,213600,2.7,0.20,3.09,0.23,-0.07,0.00,151.78,15.18
99,Entry long,2026-01-22 10:00:00,[R001L 5A:28 bA:32 R:75 V:1.05 B:0.98 M:+ ST:U CH:14 CF:+ MI:78 SK:100 PS:U SQ:0],213.6,1000,213600,2.7,0.20,3.09,0.23,-0.07,0.00,151.78,15.18
100,Exit long,2026-01-23 08:00:00,[ExitL 5A:38 bA:37 R:69 V:1.01 B:0.82 M:+ ST:U CH:8 CF:+ MI:83 SK:85 PS:U SQ:0],214.35,1000,214100,1.44,0.11,2.14,0.16,-0.07,0.00,153.22,15.32
100,Entry long,2026-01-23 06:00:00,[R001L 5A:30 bA:25 R:66 V:0.76 B:0.99 M:+ ST:U CH:20 CF:+ MI:82 SK:100 PS:U SQ:0],214.1,1000,214100,1.44,0.11,2.14,0.16,-0.07,0.00,153.22,15.32
101,Exit short,2026-01-25 14:00:00,[ExitS 5A:56 bA:75 R:17 V:4.8 B:0.2 M:- ST:D CH:5 CF:- MI:39 SK:15 PS:D SQ:0],212.45,1000,214350,12.06,0.88,12.24,0.90,-0.07,0.00,165.29,16.53
101,Entry short,2026-01-23 08:00:00,[R002S 5A:38 bA:37 R:69 V:1.01 B:0.82 M:+ ST:U CH:8 CF:+ MI:83 SK:85 PS:U SQ:0],214.35,1000,214350,12.06,0.88,12.24,0.90,-0.07,0.00,165.29,16.53
102,Exit short,2026-01-25 15:00:00,[ExitS 5A:43 bA:86 R:17 V:1.57 B:0.2 M:+ ST:D CH:5 CF:- MI:38 SK:15 PS:D SQ:0],211.6,1000,212200,3.72,0.27,4.43,0.32,-0.07,0.00,169,16.90
102,Entry short,2026-01-25 14:00:00,[R001S 5A:48 bA:77 R:11 V:0.06 B:0.1 M:- ST:D CH:11 CF:- MI:41 SK:0 PS:D SQ:0],212.2,1000,212200,3.72,0.27,4.43,0.32,-0.07,0.00,169,16.90
103,Exit long,2026-01-25 16:00:00,[ExitL 5A:30 bA:56 R:45 V:2.29 B:0.73 M:+ ST:U CH:18 CF:+ MI:77 SK:80 PS:U SQ:0],211.9,1000,211850,0.19,0.01,0.9,0.07,-0.07,0.00,169.19,16.92
103,Entry long,2026-01-25 15:00:00,[R001L 5A:39 bA:73 R:41 V:1.28 B:0.58 M:+ ST:U CH:24 CF:+ MI:86 SK:88 PS:U SQ:0],211.85,1000,211850,0.19,0.01,0.9,0.07,-0.07,0.00,169.19,16.92
104,Exit long,2026-01-26 11:00:00,[ExitL 5A:43 bA:45 R:69 V:0.64 B:0.8 M:+ ST:U CH:5 CF:+ MI:96 SK:85 PS:U SQ:0],210.9,1000,210800,0.51,0.04,1.22,0.09,-0.07,0.00,169.69,16.97
104,Entry long,2026-01-26 10:00:00,[R001L 5A:43 bA:41 R:73 V:1.03 B:0.93 M:+ ST:U CH:0 CF:+ MI:100 SK:100 PS:U SQ:0],210.8,1000,210800,0.51,0.04,1.22,0.09,-0.07,0.00,169.69,16.97
105,Exit short,2026-01-26 13:00:00,[ExitS 5A:31 bA:42 R:65 V:1.4 B:0.75 M:+ ST:D CH:18 CF:+ MI:86 SK:80 PS:D SQ:0],210.9,1000,210900,-0.14,-0.01,0.57,0.04,-0.07,0.00,169.56,16.96
105,Entry short,2026-01-26 11:00:00,[R002S 5A:43 bA:45 R:69 V:0.64 B:0.8 M:+ ST:U CH:5 CF:+ MI:96 SK:85 PS:U SQ:0],210.9,1000,210900,-0.14,-0.01,0.57,0.04,-0.07,0.00,169.56,16.96
106,Exit long,2026-01-28 11:00:00,[ExitL 5A:45 bA:66 R:81 V:2.39 B:0.8 M:+ ST:U CH:5 CF:+ MI:82 SK:85 PS:U SQ:0],211.8,1000,211600,1.17,0.08,1.9,0.14,-0.07,0.00,170.73,17.07
106,Entry long,2026-01-28 08:00:00,[R001L 5A:47 bA:55 R:89 V:0.74 B:0.91 M:+ ST:U CH:0 CF:+ MI:100 SK:100 PS:U SQ:0],211.6,1000,211600,1.17,0.08,1.9,0.14,-0.07,0.00,170.73,17.07
107,Exit short,2026-01-29 08:00:00,[ExitS 5A:68 bA:64 R:20 V:0.74 B:0.2 M:- ST:D CH:5 CF:- MI:5 SK:15 PS:D SQ:0],210.45,1000,210400,-0.46,-0.03,0,0.00,-0.39,-0.03,170.27,17.03
107,Entry short,2026-01-29 08:00:00,[R001S 5A:70 bA:63 R:8 V:0.97 B:0.09 M:- ST:D CH:0 CF:- MI:0 SK:0 PS:D SQ:0],210.4,1000,210400,-0.46,-0.03,0,0.00,-0.39,-0.03,170.27,17.03
108,Exit long,2026-01-29 15:00:00,[ExitL 5A:53 bA:44 R:70 V:0.88 B:0.8 M:+ ST:U CH:5 CF:+ MI:95 SK:85 PS:U SQ:0],211.4,1000,210450,6.07,0.44,6.45,0.47,-0.07,0.00,176.34,17.63
108,Entry long,2026-01-29 08:00:00,[R002L 5A:68 bA:64 R:20 V:0.74 B:0.2 M:- ST:D CH:5 CF:- MI:5 SK:15 PS:D SQ:0],210.45,1000,210450,6.07,0.44,6.45,0.47,-0.07,0.00,176.34,17.63
109,Exit short,2026-01-29 17:00:00,[ExitS 5A:42 bA:45 R:74 V:1.46 B:0.86 M:+ ST:U CH:11 CF:+ MI:95 SK:100 PS:U SQ:0],211.45,1000,211400,-0.46,-0.03,0,0.00,-0.4,-0.03,175.87,17.59
109,Entry short,2026-01-29 15:00:00,[R002S 5A:53 bA:44 R:70 V:0.88 B:0.8 M:+ ST:U CH:5 CF:+ MI:95 SK:85 PS:U SQ:0],211.4,1000,211400,-0.46,-0.03,0,0.00,-0.4,-0.03,175.87,17.59
110,Exit short,2026-01-30 08:00:00,[ExitS 5A:31 bA:40 R:47 V:0.85 B:0.19 M:- ST:D CH:11 CF:+ MI:61 SK:17 PS:D SQ:0],211.7,1000,212100,2.47,0.18,3.2,0.23,-0.07,0.00,178.34,17.83
110,Entry short,2026-01-30 07:00:00,[R002S 5A:28 bA:66 R:79 V:0.18 B:0.8 M:+ ST:U CH:9 CF:+ MI:99 SK:85 PS:U SQ:0],212.1,1000,212100,2.47,0.18,3.2,0.23,-0.07,0.00,178.34,17.83
111,Exit long,2026-01-30 11:00:00,[ExitL 5A:26 bA:31 R:50 V:2.79 B:0.31 M:- ST:U CH:22 CF:+ MI:33 SK:33 PS:U SQ:0],211.75,1000,211700,0.19,0.01,0.91,0.07,-0.07,0.00,178.53,17.85
111,Entry long,2026-01-30 08:00:00,[R002L 5A:31 bA:40 R:47 V:0.85 B:0.19 M:- ST:D CH:11 CF:+ MI:61 SK:17 PS:D SQ:0],211.7,1000,211700,0.19,0.01,0.91,0.07,-0.07,0.00,178.53,17.85
112,Exit long,2026-02-01 15:00:00,[ExitL 5A:37 bA:41 R:71 V:1.67 B:0.81 M:+ ST:U CH:5 CF:- MI:45 SK:85 PS:U SQ:0],212.4,1000,212450,-0.46,-0.03,0,0.00,-0.39,-0.03,178.07,17.81
112,Entry long,2026-02-01 15:00:00,[R001L 5A:37 bA:40 R:81 V:0.11 B:0.94 M:+ ST:U CH:0 CF:- MI:100 SK:100 PS:U SQ:0],212.45,1000,212450,-0.46,-0.03,0,0.00,-0.39,-0.03,178.07,17.81
113,Exit long,2026-02-03 04:00:00,[ExitL 5A:42 bA:53 R:76 V:1.57 B:0.8 M:+ ST:U CH:13 CF:+ MI:89 SK:85 PS:U SQ:0],212.95,1000,212450,3.08,0.23,3.47,0.25,-0.07,0.00,181.15,18.11
113,Entry long,2026-02-02 11:00:00,[R001L 5A:28 bA:32 R:72 V:1.28 B:1.01 M:+ ST:U CH:24 CF:- MI:36 SK:100 PS:U SQ:0],212.45,1000,212450,3.08,0.23,3.47,0.25,-0.07,0.00,181.15,18.11
114,Exit short,2026-02-03 07:00:00,[ExitS 5A:38 bA:58 R:70 V:0.48 B:0.75 M:- ST:U CH:31 CF:+ MI:47 SK:75 PS:D SQ:0],213.15,1000,213150,-0.14,-0.01,0.57,0.04,-0.07,0.00,181.01,18.10
114,Entry short,2026-02-03 05:00:00,[R002S 5A:40 bA:61 R:74 V:0.91 B:0.79 M:+ ST:U CH:18 CF:+ MI:82 SK:83 PS:U SQ:0],213.15,1000,213150,-0.14,-0.01,0.57,0.04,-0.07,0.00,181.01,18.10
115,Exit long,2026-02-03 10:00:00,[ExitL 5A:37 bA:57 R:67 V:0.78 B:0.76 M:- ST:U CH:34 CF:+ MI:45 SK:71 PS:U SQ:0],213.25,1000,213300,-0.46,-0.03,0,0.00,-0.39,-0.03,180.55,18.06
115,Entry long,2026-02-03 10:00:00,[R001L 5A:37 bA:57 R:76 V:0.58 B:0.94 M:- ST:U CH:29 CF:+ MI:50 SK:100 PS:U SQ:0],213.3,1000,213300,-0.46,-0.03,0,0.00,-0.39,-0.03,180.55,18.06
116,Exit short,2026-02-03 11:00:00,[ExitS 5A:28 bA:37 R:50 V:0.37 B:0.2 M:- ST:D CH:24 CF:- MI:34 SK:22 PS:D SQ:0],213,1000,213250,1.47,0.11,2.18,0.16,-0.07,0.00,182.02,18.20
116,Entry short,2026-02-03 10:00:00,[R002S 5A:37 bA:57 R:67 V:0.78 B:0.76 M:- ST:U CH:34 CF:+ MI:45 SK:71 PS:U SQ:0],213.25,1000,213250,1.47,0.11,2.18,0.16,-0.07,0.00,182.02,18.20
117,Exit long,2026-02-04 05:00:00,[ExitL 5A:68 bA:80 R:84 V:1.33 B:0.8 M:+ ST:U CH:5 CF:+ MI:91 SK:80 PS:U SQ:0],214.85,1000,213000,11.73,0.86,12.69,0.93,-0.07,0.00,193.76,19.38
117,Entry long,2026-02-03 11:00:00,[R002L 5A:28 bA:37 R:50 V:0.37 B:0.2 M:- ST:D CH:24 CF:- MI:34 SK:22 PS:D SQ:0],213,1000,213000,11.73,0.86,12.69,0.93,-0.07,0.00,193.76,19.38
118,Exit short,2026-02-04 10:00:00,[ExitS 5A:33 bA:47 R:31 V:1.13 B:0.2 M:- ST:D CH:5 CF:- MI:8 SK:15 PS:D SQ:0],213.95,1000,214850,5.64,0.41,6.35,0.46,-0.07,0.00,199.39,19.94
118,Entry short,2026-02-04 05:00:00,[R002S 5A:68 bA:80 R:84 V:1.33 B:0.8 M:+ ST:U CH:5 CF:+ MI:91 SK:80 PS:U SQ:0],214.85,1000,214850,5.64,0.41,6.35,0.46,-0.07,0.00,199.39,19.94
119,Exit long,2026-02-04 16:00:00,[ExitL 5A:24 bA:33 R:47 V:3.37 B:0.56 M:+ ST:U CH:26 CF:- MI:28 SK:75 PS:U SQ:0],214.15,1000,213950,1.14,0.08,1.86,0.14,-0.07,0.00,200.53,20.05
119,Entry long,2026-02-04 10:00:00,[R002L 5A:33 bA:47 R:31 V:1.13 B:0.2 M:- ST:D CH:5 CF:- MI:8 SK:15 PS:D SQ:0],213.95,1000,213950,1.14,0.08,1.86,0.14,-0.07,0.00,200.53,20.05
120,Exit short,2026-02-05 08:00:00,[ExitS 5A:56 bA:70 R:18 V:0.59 B:0.2 M:- ST:D CH:5 CF:- MI:4 SK:15 PS:D SQ:0],212.3,1000,213150,5.28,0.39,5.99,0.44,-0.07,0.00,205.81,20.58
120,Entry short,2026-02-05 05:00:00,[R001S 5A:37 bA:33 R:21 V:1.08 B:0.03 M:- ST:D CH:3 CF:- MI:0 SK:0 PS:D SQ:0],213.15,1000,213150,5.28,0.39,5.99,0.44,-0.07,0.00,205.81,20.58
121,Exit long,2026-02-05 10:00:00,[ExitL 5A:34 bA:55 R:40 V:2.71 B:0.56 M:+ ST:U CH:26 CF:- MI:27 SK:75 PS:U SQ:0],212.5,1000,212300,1.14,0.08,1.84,0.14,-0.07,0.00,206.95,20.70
121,Entry long,2026-02-05 08:00:00,[R002L 5A:56 bA:70 R:18 V:0.59 B:0.2 M:- ST:D CH:5 CF:- MI:4 SK:15 PS:D SQ:0],212.3,1000,212300,1.14,0.08,1.84,0.14,-0.07,0.00,206.95,20.70
122,Exit short,2026-02-05 18:00:00,[ExitS 5A:26 bA:45 R:32 V:2.81 B:0.17 M:- ST:D CH:13 CF:- MI:51 SK:17 PS:D SQ:0],212.1,1000,212050,-0.45,-0.03,0.25,0.02,-0.39,-0.03,206.5,20.65
122,Entry short,2026-02-05 16:00:00,[R001S 5A:25 bA:43 R:24 V:0.39 B:-0.02 M:- ST:D CH:16 CF:- MI:31 SK:0 PS:D SQ:0],212.05,1000,212050,-0.45,-0.03,0.25,0.02,-0.39,-0.03,206.5,20.65
123,Exit short,2026-02-06 06:00:00,[ExitS 5A:32 bA:57 R:76 V:1.69 B:0.8 M:+ ST:U CH:19 CF:+ MI:81 SK:91 PS:U SQ:0],213.4,1000,213350,-0.45,-0.03,0.25,0.02,-0.39,-0.03,206.04,20.60
123,Entry short,2026-02-06 05:00:00,[R002S 5A:41 bA:57 R:78 V:1.42 B:0.8 M:+ ST:U CH:10 CF:+ MI:89 SK:85 PS:U SQ:0],213.35,1000,213350,-0.45,-0.03,0.25,0.02,-0.39,-0.03,206.04,20.60
124,Exit long,2026-02-08 16:00:00,[ExitL 5A:22 bA:70 R:79 V:0.83 B:0.81 M:+ ST:U CH:5 CF:+ MI:94 SK:85 PS:U SQ:0],214,1000,213600,2.41,0.18,3.11,0.23,-0.07,0.00,208.45,20.85
124,Entry long,2026-02-06 08:00:00,[R001L 5A:28 bA:59 R:82 V:0.55 B:0.9 M:+ ST:U CH:22 CF:+ MI:85 SK:100 PS:U SQ:0],213.6,1000,213600,2.41,0.18,3.11,0.23,-0.07,0.00,208.45,20.85
125,Exit short,2026-02-09 07:00:00,[ExitS 5A:55 bA:51 R:24 V:0.58 B:0.2 M:- ST:D CH:5 CF:- MI:5 SK:15 PS:D SQ:0],212.45,1000,213500,6.54,0.48,7.24,0.53,-0.07,0.00,214.99,21.50
125,Entry short,2026-02-09 05:00:00,[R002S 5A:30 bA:28 R:60 V:0.25 B:0.81 M:+ ST:U CH:11 CF:- MI:70 SK:83 PS:U SQ:0],213.5,1000,213500,6.54,0.48,7.24,0.53,-0.07,0.00,214.99,21.50
126,Exit long,2026-02-09 12:00:00,[ExitL 5A:42 bA:41 R:70 V:2.12 B:0.8 M:+ ST:U CH:9 CF:+ MI:83 SK:85 PS:U SQ:0],213.35,1000,212450,5.59,0.41,5.97,0.44,-0.07,0.00,220.58,22.06
126,Entry long,2026-02-09 07:00:00,[R002L 5A:55 bA:51 R:24 V:0.58 B:0.2 M:- ST:D CH:5 CF:- MI:5 SK:15 PS:D SQ:0],212.45,1000,212450,5.59,0.41,5.97,0.44,-0.07,0.00,220.58,22.06
127,Exit long,2026-02-09 16:00:00,[ExitL 5A:37 bA:47 R:70 V:1.17 B:0.78 M:+ ST:U CH:21 CF:+ MI:81 SK:82 PS:U SQ:0],213.5,1000,213550,-0.46,-0.03,0,0.00,-0.39,-0.03,220.12,22.01
127,Entry long,2026-02-09 16:00:00,[R001L 5A:37 bA:47 R:79 V:1.08 B:0.9 M:+ ST:U CH:16 CF:+ MI:87 SK:100 PS:U SQ:0],213.55,1000,213550,-0.46,-0.03,0,0.00,-0.39,-0.03,220.12,22.01
128,Exit short,2026-02-11 00:00:00,[ExitS 5A:44 bA:95 R:14 V:3.77 B:0.2 M:+ ST:D CH:5 CF:- MI:36 SK:15 PS:D SQ:0],209.35,1000,212250,18.64,1.36,19.36,1.41,-0.07,0.00,238.76,23.88
128,Entry short,2026-02-10 05:00:00,[R002S 5A:28 bA:46 R:39 V:0.44 B:0.38 M:+ ST:U CH:26 CF:+ MI:47 SK:50 PS:U SQ:0],212.25,1000,212250,18.64,1.36,19.36,1.41,-0.07,0.00,238.76,23.88
129,Exit short,2026-02-11 11:00:00,[ExitS 5A:61 bA:72 R:18 V:1.03 B:0.2 M:- ST:D CH:5 CF:- MI:7 SK:15 PS:D SQ:0],208.4,1000,209850,9.25,0.68,9.97,0.73,-0.07,0.00,248.02,24.80
129,Entry short,2026-02-11 06:00:00,[R001S 5A:43 bA:38 R:48 V:0.84 B:0.52 M:+ ST:D CH:19 CF:- MI:32 SK:33 PS:D SQ:0],209.85,1000,209850,9.25,0.68,9.97,0.73,-0.07,0.00,248.02,24.80
130,Exit long,2026-02-11 14:00:00,[ExitL 5A:38 bA:45 R:49 V:0.69 B:0.79 M:+ ST:U CH:14 CF:+ MI:79 SK:82 PS:U SQ:0],208.75,1000,208400,2.15,0.16,2.85,0.21,-0.07,0.00,250.16,25.02
130,Entry long,2026-02-11 11:00:00,[R002L 5A:61 bA:72 R:18 V:1.03 B:0.2 M:- ST:D CH:5 CF:- MI:7 SK:15 PS:D SQ:0],208.4,1000,208400,2.15,0.16,2.85,0.21,-0.07,0.00,250.16,25.02
131,Exit short,2026-02-11 20:00:00,[ExitS 5A:47 bA:47 R:28 V:2.22 B:0.2 M:- ST:D CH:5 CF:- MI:13 SK:19 PS:D SQ:0],208.1,1000,208750,4.1,0.30,5.03,0.37,-0.38,-0.03,254.27,25.43
131,Entry short,2026-02-11 14:00:00,[R002S 5A:38 bA:45 R:49 V:0.69 B:0.79 M:+ ST:U CH:14 CF:+ MI:79 SK:82 PS:U SQ:0],208.75,1000,208750,4.1,0.30,5.03,0.37,-0.38,-0.03,254.27,25.43
132,Exit short,2026-02-12 11:00:00,[ExitS 5A:18 bA:48 R:26 V:4.48 B:0.2 M:- ST:D CH:5 CF:- MI:38 SK:15 PS:D SQ:0],208.25,1000,209100,5.41,0.40,6.13,0.45,-0.07,0.00,259.68,25.97
132,Entry short,2026-02-12 07:00:00,[R001S 5A:28 bA:45 R:57 V:0.3 B:0.52 M:- ST:D CH:19 CF:+ MI:36 SK:33 PS:D SQ:0],209.1,1000,209100,5.41,0.40,6.13,0.45,-0.07,0.00,259.68,25.97
133,Exit short,2026-02-16 06:20:00,[ExitS 5A:37 bA:30 R:43 V:1.12 B:0.18 M:- ST:D CH:17 CF:+ MI:39 SK:16 PS:D SQ:0],209.05,1000,209100,0.19,0.01,0.68,0.05,-0.07,0.00,259.87,25.99
133,Entry short,2026-02-16 05:33:00,[R001S 5A:37 bA:30 R:40 V:1.24 B:0 M:- ST:D CH:21 CF:+ MI:40 SK:0 PS:D SQ:0],209.1,1000,209100,0.19,0.01,0.68,0.05,-0.07,0.00,259.87,25.99
134,Exit long,2026-02-16 06:55:00,[ExitL 5A:36 bA:30 R:38 V:2.34 B:0.1 M:- ST:D CH:15 CF:- MI:8 SK:2 PS:D SQ:0],209.05,1000,209050,-0.14,-0.01,0,0.00,-0.4,-0.03,259.73,25.97
134,Entry long,2026-02-16 06:20:00,[R002L 5A:37 bA:30 R:43 V:1.12 B:0.18 M:- ST:D CH:17 CF:+ MI:39 SK:16 PS:D SQ:0],209.05,1000,209050,-0.14,-0.01,0,0.00,-0.4,-0.03,259.73,25.97
135,Exit short,2026-02-17 05:51:00,[ExitS 5A:33 bA:33 R:33 V:3.92 B:0.2 M:- ST:D CH:11 CF:- MI:28 SK:21 PS:D SQ:0],207.4,1000,207350,-0.46,-0.03,0.54,0.04,-0.39,-0.03,259.27,25.93
135,Entry short,2026-02-17 05:45:00,[R001S 5A:31 bA:32 R:24 V:0.44 B:0.07 M:- ST:D CH:7 CF:- MI:0 SK:0 PS:D SQ:0],207.35,1000,207350,-0.46,-0.03,0.54,0.04,-0.39,-0.03,259.27,25.93
136,Exit long,2026-02-18 07:11:00,[ExitL 5A:41 bA:30 R:62 V:3.85 B:0.84 M:+ ST:U CH:27 CF:+ MI:58 SK:74 PS:U SQ:0],208.95,1000,208900,0.19,0.01,1.17,0.09,-0.64,-0.05,259.46,25.95
136,Entry long,2026-02-18 06:36:00,[R001L 5A:39 bA:25 R:64 V:1.26 B:1.05 M:+ ST:U CH:40 CF:+ MI:76 SK:100 PS:U SQ:0],208.9,1000,208900,0.19,0.01,1.17,0.09,-0.64,-0.05,259.46,25.95
137,Exit long,2026-02-19 05:55:00,[ExitL 5A:38 bA:30 R:51 V:2.1 B:0.79 M:+ ST:U CH:25 CF:+ MI:56 SK:74 PS:U SQ:0],208.5,1000,208550,-0.46,-0.03,0.5,0.04,-0.39,-0.03,259,25.90
137,Entry long,2026-02-19 05:49:00,[R001L 5A:40 bA:31 R:57 V:0.17 B:1 M:+ ST:U CH:24 CF:+ MI:62 SK:100 PS:U SQ:0],208.55,1000,208550,-0.46,-0.03,0.5,0.04,-0.39,-0.03,259,25.90
138,Exit long,2026-02-20 06:16:00,[ExitL 5A:28 bA:22 R:62 V:2.09 B:0.83 M:+ ST:U CH:29 CF:+ MI:78 SK:78 PS:U SQ:0],209.5,1000,209550,-0.46,-0.03,0.44,0.03,-0.39,-0.03,258.54,25.85
138,Entry long,2026-02-20 05:59:00,[R001L 5A:26 bA:20 R:68 V:0.13 B:1.03 M:+ ST:U CH:29 CF:+ MI:88 SK:100 PS:U SQ:0],209.55,1000,209550,-0.46,-0.03,0.44,0.03,-0.39,-0.03,258.54,25.85
139,Exit long,2026-02-20 07:12:00,[ExitL 5A:23 bA:16 R:48 V:1.43 B:0.19 M:- ST:D CH:43 CF:+ MI:47 SK:15 PS:D SQ:0],209.35,1000,209400,-0.46,-0.03,0.51,0.04,-0.39,-0.03,258.09,25.81
139,Entry long,2026-02-20 07:08:00,[R002L 5A:29 bA:18 R:52 V:1.49 B:0.4 M:- ST:D CH:40 CF:+ MI:50 SK:30 PS:D SQ:0],209.4,1000,209400,-0.46,-0.03,0.51,0.04,-0.39,-0.03,258.09,25.81
140,Exit short,2026-02-23 08:19:00,[ExitS 5A:31 bA:30 R:34 V:1.08 B:0.19 M:- ST:D CH:17 CF:- MI:38 SK:18 PS:D SQ:0],208.4,1000,208400,-0.13,-0.01,0.58,0.04,-0.07,0.00,257.95,25.80
140,Entry short,2026-02-23 08:02:00,[R001S 5A:28 bA:25 R:28 V:0.3 B:0.01 M:- ST:D CH:11 CF:- MI:24 SK:0 PS:D SQ:0],208.4,1000,208400,-0.13,-0.01,0.58,0.04,-0.07,0.00,257.95,25.80
141,Exit long,2026-02-23 09:04:00,[ExitL 5A:31 bA:30 R:37 V:1.71 B:0.24 M:- ST:D CH:23 CF:- MI:51 SK:19 PS:U SQ:0],208.4,1000,208400,-0.13,-0.01,0.86,0.06,-0.07,0.00,257.82,25.78
141,Entry long,2026-02-23 08:19:00,[R002L 5A:31 bA:30 R:34 V:1.08 B:0.19 M:- ST:D CH:17 CF:- MI:38 SK:18 PS:D SQ:0],208.4,1000,208400,-0.13,-0.01,0.86,0.06,-0.07,0.00,257.82,25.78
142,Exit short,2026-02-23 12:21:00,[ExitS 5A:24 bA:21 R:54 V:3.27 B:0.76 M:+ ST:U CH:18 CF:+ MI:71 SK:76 PS:U SQ:0],208.6,1000,208600,-0.13,-0.01,0.58,0.04,-0.07,0.00,257.68,25.77
142,Entry short,2026-02-23 10:53:00,[R002S 5A:25 bA:25 R:54 V:1.32 B:0.82 M:+ ST:U CH:16 CF:+ MI:61 SK:76 PS:U SQ:0],208.6,1000,208600,-0.13,-0.01,0.58,0.04,-0.07,0.00,257.68,25.77
143,Exit long,2026-02-24 08:04:00,[ExitL 5A:28 bA:31 R:62 V:4.46 B:0.83 M:+ ST:U CH:30 CF:+ MI:48 SK:72 PS:U SQ:0],210.7,1000,210650,0.19,0.01,1.15,0.08,-0.07,0.00,257.87,25.79
143,Entry long,2026-02-24 07:25:00,[R001L 5A:26 bA:25 R:65 V:0.64 B:0.97 M:+ ST:U CH:50 CF:+ MI:66 SK:100 PS:U SQ:0],210.65,1000,210650,0.19,0.01,1.15,0.08,-0.07,0.00,257.87,25.79
144,Exit long,2026-02-25 05:33:00,[ExitL 5A:39 bA:29 R:62 V:1.96 B:0.82 M:+ ST:U CH:29 CF:+ MI:74 SK:78 PS:U SQ:0],211.9,1000,211950,-0.46,-0.03,0.29,0.02,-0.39,-0.03,257.41,25.74
144,Entry long,2026-02-25 05:31:00,[R001L 5A:39 bA:29 R:70 V:0.94 B:1.07 M:+ ST:U CH:28 CF:+ MI:86 SK:100 PS:U SQ:0],211.95,1000,211950,-0.46,-0.03,0.29,0.02,-0.39,-0.03,257.41,25.74
145,Exit long,2026-02-25 06:33:00,[ExitL 5A:32 bA:19 R:49 V:2.49 B:0.31 M:- ST:D CH:38 CF:- MI:48 SK:14 PS:D SQ:0],211.7,1000,211750,-0.46,-0.03,0.3,0.02,-0.39,-0.03,256.96,25.70
145,Entry long,2026-02-25 06:14:00,[R002L 5A:35 bA:22 R:52 V:1.44 B:0.47 M:- ST:D CH:37 CF:+ MI:57 SK:28 PS:D SQ:0],211.75,1000,211750,-0.46,-0.03,0.3,0.02,-0.39,-0.03,256.96,25.70
146,Exit short,2026-02-26 06:05:00,[ExitS 5A:28 bA:25 R:55 V:1.2 B:0.69 M:+ ST:U CH:29 CF:+ MI:82 SK:70 PS:D SQ:0],211.4,1000,211450,0.18,0.01,0.89,0.07,-0.07,0.00,257.14,25.71
146,Entry short,2026-02-26 05:28:00,[R002S 5A:29 bA:27 R:59 V:1.14 B:0.83 M:+ ST:U CH:18 CF:+ MI:91 SK:86 PS:U SQ:0],211.45,1000,211450,0.18,0.01,0.89,0.07,-0.07,0.00,257.14,25.71
147,Exit short,2026-02-26 07:33:00,[ExitS 5A:29 bA:35 R:32 V:0.46 B:0.17 M:- ST:D CH:11 CF:- MI:9 SK:14 PS:D SQ:0],210.75,1000,210950,1.14,0.08,1.85,0.14,-0.07,0.00,258.29,25.83
147,Entry short,2026-02-26 07:21:00,[R001S 5A:29 bA:23 R:33 V:0.52 B:0.04 M:- ST:D CH:31 CF:- MI:11 SK:0 PS:D SQ:0],210.95,1000,210950,1.14,0.08,1.85,0.14,-0.07,0.00,258.29,25.83
148,Exit long,2026-02-26 07:51:00,[ExitL 5A:32 bA:29 R:44 V:0.93 B:0.46 M:+ ST:U CH:36 CF:- MI:47 SK:70 PS:U SQ:0],210.9,1000,210750,0.82,0.06,1.59,0.12,-0.08,-0.01,259.11,25.91
148,Entry long,2026-02-26 07:33:00,[R002L 5A:29 bA:35 R:32 V:0.46 B:0.17 M:- ST:D CH:11 CF:- MI:9 SK:14 PS:D SQ:0],210.75,1000,210750,0.82,0.06,1.59,0.12,-0.08,-0.01,259.11,25.91
149,Exit short,2026-02-26 08:15:00,[ExitS 5A:31 bA:27 R:49 V:4.15 B:0.61 M:+ ST:U CH:40 CF:+ MI:65 SK:84 PS:U SQ:0],210.95,1000,210900,-0.45,-0.03,0.48,0.04,-0.39,-0.03,258.65,25.87
149,Entry short,2026-02-26 07:51:00,[R002S 5A:32 bA:29 R:44 V:0.93 B:0.46 M:+ ST:U CH:36 CF:- MI:47 SK:70 PS:U SQ:0],210.9,1000,210900,-0.45,-0.03,0.48,0.04,-0.39,-0.03,258.65,25.87
150,Exit short,2026-02-26 10:28:00,[ExitS 5A:38 bA:36 R:31 V:2.64 B:0.18 M:- ST:D CH:10 CF:- MI:20 SK:18 PS:D SQ:0],210.4,1000,210700,1.78,0.13,2.63,0.20,-0.07,0.00,260.44,26.04
150,Entry short,2026-02-26 09:21:00,[R001S 5A:29 bA:22 R:36 V:0.1 B:0.15 M:- ST:D CH:37 CF:+ MI:52 SK:0 PS:D SQ:0],210.7,1000,210700,1.78,0.13,2.63,0.20,-0.07,0.00,260.44,26.04
151,Exit short,2026-02-27 05:44:00,[ExitS 5A:33 bA:34 R:38 V:1.02 B:0.23 M:- ST:D CH:43 CF:- MI:28 SK:31 PS:D SQ:0],209.95,1000,209900,-0.45,-0.03,0.36,0.03,-0.39,-0.03,259.98,26.00
151,Entry short,2026-02-27 05:36:00,[R001S 5A:32 bA:33 R:32 V:0.3 B:0.09 M:- ST:D CH:49 CF:- MI:22 SK:0 PS:D SQ:0],209.9,1000,209900,-0.45,-0.03,0.36,0.03,-0.39,-0.03,259.98,26.00
152,Exit long,2026-02-27 06:02:00,[ExitL 5A:33 bA:33 R:37 V:1.7 B:0.15 M:- ST:D CH:43 CF:- MI:35 SK:18 PS:D SQ:0],209.95,1000,209950,-0.13,-0.01,0.25,0.02,-0.39,-0.03,259.85,25.98
152,Entry long,2026-02-27 05:44:00,[R002L 5A:33 bA:34 R:38 V:1.02 B:0.23 M:- ST:D CH:43 CF:- MI:28 SK:31 PS:D SQ:0],209.95,1000,209950,-0.13,-0.01,0.25,0.02,-0.39,-0.03,259.85,25.98